Date,AAPL,MSFT,GOOGL,JPM,GS,NVDA,AMZN,BLK,META,TSLA
2024-01-02,150.0,300.0,2800.0,160.0,350.0,200.0,3300.0,400.0,250.0,700.0
2024-01-03,149.69,303.2,2845.66,161.55,359.29,195.98,3390.12,402.78,251.48,694.37
2024-01-04,151.5,299.16,2880.21,157.07,361.55,195.35,3394.0,402.99,259.79,682.24
2024-01-05,155.71,289.56,2799.64,155.64,363.65,195.41,3422.42,388.02,258.29,664.77
2024-01-08,155.12,281.19,2875.17,157.93,367.87,197.59,3482.41,389.3,259.69,673.01
2024-01-09,154.53,281.55,2947.74,154.43,360.48,200.05,3419.79,404.96,257.41,680.28
2024-01-10,158.98,282.98,2915.73,155.31,367.37,197.49,3450.3,402.5,253.59,687.62
2024-01-11,161.24,278.49,2937.67,151.58,367.02,197.86,3435.06,397.39,251.02,686.3
2024-01-12,159.94,281.8,2964.97,152.91,371.6,199.57,3488.79,400.22,248.96,703.95
2024-01-15,161.57,273.48,2980.07,152.87,364.58,204.88,3356.6,402.63,250.67,698.1
2024-01-16,160.29,273.26,2951.74,148.49,354.53,207.56,3351.96,411.44,261.37,710.38
2024-01-17,159.01,267.41,2917.24,151.66,359.89,210.59,3316.93,402.29,258.11,710.17
2024-01-18,159.77,264.38,2917.07,149.72,362.47,210.99,3344.06,407.75,256.28,702.68
2024-01-19,154.33,264.71,2979.81,147.6,356.73,216.43,3373.69,412.25,256.09,710.46
2024-01-22,149.6,260.72,3010.16,148.19,351.29,218.11,3332.07,411.36,258.02,715.98
2024-01-23,148.15,259.02,2991.28,151.31,358.55,214.82,3290.69,414.03,259.35,720.87
2024-01-24,145.51,263.82,3034.03,148.6,351.02,220.33,3285.45,421.87,265.45,722.21
2024-01-25,146.39,261.19,2879.68,148.82,361.54,223.19,3233.74,428.66,253.96,722.01
2024-01-26,144.06,265.22,2940.38,150.03,355.82,221.5,3284.04,420.01,243.15,753.34
2024-01-29,140.46,259.93,2849.48,151.96,360.05,219.68,3263.53,426.38,241.08,769.7
2024-01-30,144.22,262.51,2832.03,152.5,358.06,220.94,3094.07,426.05,245.94,780.02
2024-01-31,143.69,269.43,2776.09,151.55,362.09,222.87,3074.43,426.78,239.11,781.9
2024-02-01,143.92,257.55,2712.51,149.35,358.69,223.75,3018.19,427.51,226.26,796.39
2024-02-02,140.29,253.96,2770.27,149.64,357.78,225.09,2930.77,426.52,228.68,804.13
2024-02-05,138.97,256.7,2748.06,146.81,358.19,232.07,2866.66,435.84,229.77,804.83
2024-02-06,139.3,255.86,2766.3,139.15,351.87,236.64,2873.45,435.36,225.35,800.75
2024-02-07,136.47,257.67,2765.07,140.3,356.7,237.55,2943.32,426.76,221.44,799.9
2024-02-08,137.45,254.97,2789.92,142.64,353.55,241.67,2961.09,423.91,217.66,754.57
2024-02-09,136.02,255.47,2794.89,136.63,352.24,237.28,2929.95,425.44,218.18,757.73
2024-02-12,135.36,254.86,2731.46,134.2,346.08,239.07,2955.17,435.02,215.81,751.37
2024-02-13,133.95,260.32,2781.54,135.75,330.26,246.95,2931.93,439.92,217.82,773.21
2024-02-14,138.47,261.62,2757.93,140.83,329.26,246.08,2896.45,433.36,206.71,773.79
2024-02-15,138.49,263.31,2681.76,140.94,343.69,242.42,2837.42,452.92,203.6,757.54
2024-02-16,135.91,261.46,2662.17,139.15,348.68,239.67,2749.08,455.26,199.55,757.16
2024-02-19,137.98,259.27,2735.15,138.75,348.7,235.07,2730.88,465.89,198.71,743.21
2024-02-20,135.0,257.36,2778.1,142.24,347.19,231.84,2739.74,464.8,196.87,749.84
2024-02-21,135.56,259.29,2761.78,140.64,347.47,230.39,2736.07,469.45,199.78,754.07
2024-02-22,130.83,257.43,2745.52,138.67,351.03,224.65,2716.68,476.73,193.17,767.37
2024-02-23,127.75,258.88,2730.72,137.52,343.71,224.8,2671.52,487.37,193.41,756.75
2024-02-26,128.25,268.65,2833.89,135.22,350.74,228.54,2701.84,496.84,195.43,757.52
2024-02-27,130.01,272.97,2854.51,135.57,355.4,224.9,2638.86,504.84,202.04,739.21
2024-02-28,130.46,271.48,2877.75,139.59,360.14,231.14,2676.78,502.18,200.37,748.84
2024-02-29,130.24,277.46,2932.27,140.46,363.13,233.36,2629.56,497.21,201.62,756.13
2024-03-01,129.59,275.53,2946.05,139.88,363.4,237.78,2595.0,500.39,195.15,763.18
2024-03-04,126.19,265.53,2933.49,139.2,367.95,235.06,2527.52,508.99,186.83,763.51
2024-03-05,124.61,260.82,2924.3,135.34,372.02,238.77,2505.72,507.15,189.75,769.52
2024-03-06,123.63,252.14,2921.7,137.55,369.8,234.17,2550.71,517.08,189.81,792.05
2024-03-07,126.03,250.65,2920.91,137.41,366.13,238.02,2575.4,530.81,193.91,788.3
2024-03-08,126.86,250.83,2960.33,137.02,366.95,238.85,2621.79,522.27,189.19,790.58
2024-03-11,122.88,258.5,2964.28,144.95,377.33,241.32,2647.48,514.61,191.04,775.44
2024-03-12,123.65,260.12,3004.56,145.79,369.06,236.31,2595.94,513.52,197.54,763.63
2024-03-13,122.84,259.2,3001.4,143.88,359.46,232.6,2581.52,516.57,199.11,765.28
2024-03-14,121.39,263.17,3006.85,142.83,360.67,235.19,2546.3,511.9,200.18,780.79
2024-03-15,122.78,252.8,2899.9,145.84,361.14,231.27,2608.3,524.56,200.29,777.5
2024-03-18,125.11,253.97,2948.89,146.2,362.41,233.29,2553.15,528.77,194.71,774.51
2024-03-19,127.26,257.6,2968.46,142.47,364.15,227.64,2595.24,529.36,199.54,769.15
2024-03-20,125.39,250.85,3022.97,144.88,362.83,231.21,2637.99,515.89,197.43,762.05
2024-03-21,124.74,256.11,2866.58,143.2,372.71,226.17,2725.92,503.88,199.3,766.4
2024-03-22,125.53,257.77,2975.48,148.09,362.12,228.51,2706.91,506.63,193.77,746.05
2024-03-25,127.78,255.95,2969.19,151.03,356.86,231.17,2742.7,487.38,189.73,763.55
2024-03-26,126.73,258.97,3029.6,149.87,356.34,228.36,2856.44,496.46,194.71,754.71
2024-03-27,126.36,269.66,2974.1,153.39,345.94,230.84,2825.83,495.25,193.57,764.82
2024-03-28,123.89,270.65,3008.09,153.64,344.98,232.01,2748.88,524.36,198.71,747.64
2024-03-29,121.27,271.97,2952.26,156.06,355.44,229.85,2656.96,546.35,198.51,756.94
2024-04-01,123.09,269.83,2920.29,157.48,355.72,225.77,2692.11,544.78,192.01,766.4
2024-04-02,126.14,265.81,3022.07,155.14,357.34,217.88,2601.93,543.96,195.17,772.01
2024-04-03,126.03,269.89,3012.91,153.4,349.38,219.34,2585.53,553.93,193.18,758.5
2024-04-04,128.36,265.84,3025.91,156.31,345.64,213.25,2606.92,571.13,195.69,762.21
2024-04-05,129.25,266.29,3074.51,155.43,343.44,213.7,2616.65,554.52,195.86,746.28
2024-04-08,127.8,264.11,3103.17,154.36,341.61,212.77,2637.73,536.91,190.5,743.18
2024-04-09,128.68,266.49,3112.81,151.77,349.63,215.46,2649.34,531.11,191.14,757.25
2024-04-10,132.29,268.2,3134.5,152.99,353.28,214.37,2711.39,536.89,198.77,768.41
2024-04-11,132.26,273.32,3271.36,158.73,346.35,213.18,2666.0,541.91,200.61,768.93
2024-04-12,136.04,270.92,3269.28,155.74,348.03,216.07,2634.58,552.56,200.48,755.75
2024-04-15,129.68,269.71,3282.42,155.87,351.29,217.46,2598.99,540.85,204.44,764.83
2024-04-16,131.65,265.07,3345.81,159.89,358.64,218.78,2638.87,518.52,205.3,765.4
2024-04-17,131.91,263.06,3413.73,159.72,368.99,220.72,2682.69,526.74,206.16,733.74
2024-04-18,131.25,264.95,3488.04,161.08,362.4,214.71,2705.55,519.1,202.19,744.37
2024-04-19,131.52,268.67,3529.54,158.06,357.26,217.72,2764.27,500.45,203.12,744.34
2024-04-22,126.87,264.32,3458.33,159.34,349.32,220.21,2706.76,501.96,206.99,760.75
2024-04-23,126.42,268.56,3561.39,158.87,347.99,216.27,2789.07,509.33,203.96,746.06
2024-04-24,127.28,275.22,3489.33,161.75,351.05,215.41,2866.66,508.41,209.27,703.7
2024-04-25,130.72,277.38,3509.73,165.27,357.43,215.34,2905.76,504.42,209.01,707.52
2024-04-26,129.55,286.86,3463.48,173.04,357.08,214.9,3000.12,503.17,205.75,711.52
2024-04-29,127.72,282.98,3460.87,174.91,355.17,216.28,2911.86,500.01,209.53,690.15
2024-04-30,126.62,276.75,3482.73,176.01,356.28,221.94,2885.54,488.08,208.53,678.27
2024-05-01,128.76,268.0,3504.27,176.7,351.07,226.35,2848.5,482.0,211.46,712.18
2024-05-02,129.57,275.32,3532.29,175.65,364.41,221.09,2886.63,486.72,210.43,708.55
2024-05-03,128.39,278.67,3636.3,176.79,354.01,223.65,2833.22,489.73,210.29,718.16
2024-05-06,129.63,278.5,3667.44,175.92,355.33,229.09,2872.98,491.41,212.24,710.04
2024-05-07,129.91,280.01,3652.79,176.52,368.41,230.78,2945.0,482.8,213.44,683.61
2024-05-08,132.23,274.45,3717.64,180.78,368.6,235.4,2983.03,481.42,205.86,681.79
2024-05-09,130.61,286.64,3798.72,177.58,367.49,244.02,2999.46,462.75,201.79,678.8
2024-05-10,129.89,287.42,3716.3,181.29,365.27,248.61,2947.32,464.42,205.25,674.19
2024-05-13,129.03,288.1,3757.75,185.66,364.23,249.83,2903.57,476.55,204.84,673.07
2024-05-14,125.68,291.98,3806.68,185.34,373.38,254.63,2970.04,464.1,202.99,676.54
2024-05-15,126.4,294.62,3787.81,178.34,358.66,255.4,3012.89,459.39,198.11,674.98
2024-05-16,127.04,295.93,3883.12,176.46,368.7,255.61,3011.98,462.3,194.34,659.89
2024-05-17,127.1,291.84,3874.18,180.65,359.4,254.1,2990.53,472.91,187.35,665.93
2024-05-20,126.61,294.43,3884.49,180.65,357.82,261.35,2882.68,469.28,187.08,642.83
2024-05-21,123.44,304.52,3873.94,177.47,355.2,257.6,2828.27,463.62,185.14,619.36
2024-05-22,122.55,312.02,3876.58,175.93,359.11,264.81,2926.71,447.37,181.99,627.85
2024-05-23,121.84,321.09,3801.63,178.66,348.92,267.3,2860.43,448.38,181.84,633.83
2024-05-24,120.13,318.26,3704.61,180.49,351.96,260.67,2871.33,465.04,183.1,633.43
2024-05-27,119.83,312.72,3812.42,179.79,364.93,262.5,2924.55,467.55,190.07,617.77
2024-05-28,120.75,312.14,3755.82,178.67,356.12,252.68,2859.66,467.55,184.97,610.15
2024-05-29,124.9,312.58,3690.3,177.48,357.48,255.63,2870.31,470.45,188.9,607.51
2024-05-30,125.34,318.86,3548.74,174.6,353.36,259.81,2919.92,470.54,192.28,590.3
2024-05-31,125.97,309.27,3509.34,179.75,356.21,257.14,2921.74,463.84,189.66,582.68
2024-06-03,125.85,317.91,3427.17,178.78,356.48,257.81,3073.76,470.9,190.43,589.75
2024-06-04,121.55,317.13,3529.84,182.77,352.51,266.98,2982.67,473.0,188.94,605.14
2024-06-05,121.54,314.82,3595.41,187.85,355.75,264.66,3040.7,473.34,189.65,600.81
2024-06-06,121.72,309.21,3552.31,191.3,367.45,259.72,3032.46,465.22,194.88,609.23
2024-06-07,127.17,300.12,3697.76,189.89,366.33,266.75,3075.81,476.32,197.08,588.48
2024-06-10,126.78,304.69,3764.59,191.35,371.22,276.28,3101.47,482.21,198.96,595.7
2024-06-11,127.52,305.21,3744.08,191.34,362.73,276.41,3061.78,477.6,197.5,587.32
2024-06-12,127.49,298.25,3577.13,188.3,356.63,281.55,3075.63,486.4,192.3,590.8
2024-06-13,124.86,291.42,3726.07,189.47,359.81,288.46,2974.0,482.24,191.66,588.4
2024-06-14,127.48,289.78,3634.36,185.52,369.57,284.72,3007.48,475.64,195.9,602.62
2024-06-17,129.26,298.6,3528.17,189.56,372.08,282.35,3024.82,469.33,190.59,593.38
2024-06-18,131.15,297.32,3594.52,188.05,370.13,288.72,3060.8,454.56,187.05,600.32
2024-06-19,129.06,289.39,3753.81,188.81,370.27,297.59,3120.32,458.6,187.55,597.54
2024-06-20,132.37,288.23,3848.84,189.85,362.08,300.72,3142.22,443.67,184.3,596.08
2024-06-21,129.08,286.93,3889.45,189.04,366.16,296.08,3151.85,434.04,181.74,594.35
2024-06-24,130.5,273.12,3932.64,191.11,372.12,306.79,3103.12,418.0,180.43,585.54
2024-06-25,135.7,272.96,3994.62,189.55,369.24,303.98,3064.58,417.52,176.07,585.63
2024-06-26,133.33,271.93,4050.79,192.6,366.26,302.27,3131.27,416.56,173.05,585.2
2024-06-27,132.02,275.45,4072.91,188.01,368.16,304.25,3213.48,414.28,175.31,587.98
2024-06-28,132.31,284.73,4082.18,188.51,365.41,312.88,3200.99,406.67,171.25,589.11
2024-07-01,131.16,290.62,4079.21,195.16,365.12,317.81,3204.92,398.25,166.39,597.81
2024-07-02,127.55,289.33,4025.48,191.72,379.07,320.31,3154.02,401.74,164.57,607.99
2024-07-03,127.76,283.68,4006.75,189.46,377.54,323.11,3221.86,397.92,166.8,596.74
2024-07-04,125.37,296.93,3886.25,191.29,375.26,323.49,3261.74,400.35,166.28,606.31
2024-07-05,126.49,297.37,3880.93,191.98,371.04,326.87,3377.02,394.13,164.96,593.61
2024-07-08,124.45,297.56,3813.42,193.27,376.16,312.12,3324.98,395.57,165.16,600.13
2024-07-09,127.97,297.55,3739.19,195.05,375.08,310.58,3303.69,405.01,160.04,607.06
2024-07-10,126.22,298.73,3752.79,197.36,370.85,312.05,3318.77,409.45,161.53,586.42
2024-07-11,125.54,298.07,3848.32,201.38,379.82,305.71,3358.72,406.57,162.71,587.64
2024-07-12,127.43,295.11,3913.47,202.95,389.68,307.96,3347.02,408.61,161.58,582.92
2024-07-15,124.66,292.32,3804.41,202.15,385.62,306.95,3295.77,407.0,164.57,575.19
2024-07-16,125.22,292.26,3738.16,204.68,372.82,316.77,3349.38,407.22,161.3,589.41
2024-07-17,128.22,289.52,3802.96,211.76,379.73,325.87,3394.2,405.0,164.64,582.71
2024-07-18,124.56,285.92,3737.23,211.34,375.2,323.27,3339.58,403.96,165.16,574.49
2024-07-19,125.02,286.58,3723.61,207.72,380.69,322.52,3422.39,405.66,164.23,575.5
2024-07-22,125.65,285.38,3761.97,211.94,367.34,322.22,3495.85,398.57,164.24,582.83
2024-07-23,127.47,293.22,3697.9,211.57,373.39,319.73,3505.7,391.44,163.99,581.58
2024-07-24,124.68,279.35,3706.39,203.38,365.4,320.98,3512.13,381.81,167.66,594.02
2024-07-25,121.77,284.95,3618.87,206.56,370.35,316.73,3548.56,370.96,164.48,599.93
2024-07-26,122.96,291.46,3581.14,204.65,370.59,310.41,3494.94,362.98,162.29,576.65
2024-07-29,123.67,280.7,3603.19,204.4,364.37,314.01,3498.23,364.17,165.38,571.38
2024-07-30,124.28,279.08,3501.31,205.7,361.85,317.69,3364.1,358.46,163.67,565.83
2024-07-31,125.1,277.33,3530.47,206.49,366.46,313.22,3418.52,361.92,166.39,570.94
2024-08-01,123.62,270.41,3530.63,209.21,367.31,318.39,3323.8,362.29,171.55,544.19
2024-08-02,124.19,266.73,3567.15,207.65,371.32,314.9,3415.08,349.6,170.38,569.38
2024-08-05,124.89,261.5,3582.95,209.65,384.68,316.46,3396.15,353.86,172.54,575.05
2024-08-06,123.33,269.85,3672.36,208.75,374.0,321.26,3384.57,359.17,169.03,576.82
2024-08-07,127.52,274.5,3682.11,211.61,385.04,321.19,3347.68,352.89,171.39,589.32
2024-08-08,128.66,280.89,3655.12,214.04,385.92,323.95,3331.66,355.7,172.07,614.42
2024-08-09,125.95,284.65,3664.63,210.52,379.83,321.07,3418.06,350.36,173.6,624.3
2024-08-12,127.49,278.98,3701.93,214.72,370.89,320.06,3266.36,351.12,171.65,635.21
2024-08-13,125.3,276.46,3706.67,212.73,369.78,319.0,3342.75,343.27,166.59,636.96
2024-08-14,127.13,279.01,3710.86,215.91,376.06,314.84,3364.43,332.33,168.17,635.59
2024-08-15,129.83,272.98,3665.45,217.42,375.35,313.96,3292.68,330.17,161.99,630.4
2024-08-16,127.96,276.59,3623.18,224.7,385.71,305.33,3230.27,329.57,161.13,621.28
2024-08-19,130.23,275.5,3533.16,223.89,375.79,302.75,3329.04,327.34,163.92,613.85
2024-08-20,131.25,273.75,3645.84,222.57,375.86,301.32,3273.71,320.49,164.55,599.17
2024-08-21,133.24,277.36,3565.67,222.58,367.54,300.05,3207.06,318.31,170.39,598.59
2024-08-22,137.84,279.69,3522.62,221.45,370.09,298.87,3274.0,319.98,173.6,580.68
2024-08-23,137.29,277.98,3478.48,224.73,376.15,298.66,3295.26,319.85,171.63,582.91
2024-08-26,135.48,283.89,3535.9,218.28,373.45,301.36,3240.95,321.03,171.78,582.76
2024-08-27,133.36,278.48,3518.54,214.23,356.09,306.22,3254.88,317.29,171.7,584.53
2024-08-28,131.46,281.68,3598.97,210.2,357.51,302.76,3196.09,324.11,166.88,579.27
2024-08-29,131.33,284.8,3556.78,213.88,360.46,296.32,3260.7,317.38,164.12,611.58
2024-08-30,132.19,283.33,3576.06,220.55,363.23,290.88,3324.3,320.29,162.53,626.8
2024-09-02,132.9,285.11,3523.72,220.22,371.46,288.45,3357.46,327.23,156.64,613.01
2024-09-03,134.93,278.8,3661.19,219.64,364.45,286.74,3380.66,330.19,156.84,615.82
2024-09-04,135.02,283.55,3584.39,220.0,369.06,282.88,3489.18,329.12,156.2,609.33
2024-09-05,138.61,282.72,3605.81,224.69,377.13,276.39,3490.56,326.12,151.56,598.45
2024-09-06,138.01,280.17,3648.39,221.03,365.21,274.23,3417.7,332.33,152.72,584.25
2024-09-09,144.82,285.57,3677.02,222.07,367.46,275.24,3446.72,323.95,154.75,589.03
2024-09-10,146.51,282.06,3666.23,226.06,364.27,278.3,3577.52,318.42,155.44,582.04
2024-09-11,144.31,275.02,3659.13,228.19,363.88,275.62,3513.61,316.27,154.6,592.41
2024-09-12,141.59,267.42,3663.48,229.06,366.3,273.68,3492.15,323.44,156.31,603.24
2024-09-13,142.88,270.44,3655.25,233.28,363.23,269.22,3519.72,325.78,158.29,618.4
2024-09-16,142.36,264.32,3720.13,222.02,358.96,269.18,3517.71,320.23,159.23,609.16
2024-09-17,144.25,272.77,3869.64,224.82,359.32,265.18,3456.92,318.57,156.93,614.62
2024-09-18,145.54,262.66,3832.36,222.26,352.43,268.02,3528.11,315.17,157.77,621.86
2024-09-19,145.41,270.79,3739.4,215.03,345.68,259.51,3676.86,311.27,161.23,616.8
2024-09-20,143.25,271.93,3734.95,217.09,350.05,257.93,3691.31,316.88,159.56,608.48
2024-09-23,139.4,271.57,3909.88,222.54,342.95,259.43,3632.72,309.18,165.65,626.35
2024-09-24,138.34,269.01,3854.88,222.08,347.2,260.39,3532.89,318.26,164.15,629.17
2024-09-25,140.53,271.05,3970.16,225.98,350.23,273.12,3550.71,323.13,164.31,636.62
2024-09-26,141.13,270.97,4091.64,232.63,339.49,274.95,3622.68,329.6,162.39,627.45
2024-09-27,138.02,276.46,4052.51,238.23,335.49,270.09,3655.11,326.99,163.11,613.93
2024-09-30,138.51,277.14,4095.64,245.36,342.84,269.73,3656.41,326.24,158.06,607.88
2024-10-01,139.53,278.0,4217.33,248.74,336.92,261.21,3619.09,317.95,156.57,606.77
2024-10-02,137.37,276.29,4190.24,249.18,334.24,260.94,3549.39,315.07,153.55,595.39
2024-10-03,137.81,276.12,4176.56,242.09,337.15,257.13,3604.14,318.0,153.99,595.52
2024-10-04,138.01,277.76,4134.5,241.11,342.04,261.47,3664.86,325.55,156.81,577.66
2024-10-07,135.23,269.32,4060.63,237.55,340.63,258.99,3564.36,319.19,158.7,566.24
2024-10-08,136.15,262.89,4014.8,246.93,337.1,258.55,3667.79,317.22,151.99,573.3
2024-10-09,137.58,266.51,3927.96,246.25,345.87,255.7,3707.16,316.48,157.64,579.76
2024-10-10,140.32,267.44,3931.94,246.89,356.83,263.81,3802.04,308.66,158.54,575.9
2024-10-11,143.04,266.66,3879.02,249.44,363.26,262.39,3711.71,312.07,156.39,565.58
2024-10-14,139.55,266.86,3896.9,249.74,363.96,271.15,3621.94,308.13,156.89,555.35
2024-10-15,137.25,268.64,3789.32,257.46,358.81,275.23,3613.68,307.17,157.45,551.84
2024-10-16,138.58,266.14,3813.4,254.68,353.59,277.73,3647.83,304.79,155.62,558.46
2024-10-17,139.92,262.52,3872.14,255.67,357.06,279.68,3767.24,300.58,156.24,568.01
2024-10-18,141.27,263.55,3734.73,252.36,359.89,281.77,3816.63,300.66,154.59,563.16
2024-10-21,151.12,259.01,3761.37,246.46,369.11,272.11,3801.48,299.61,153.53,551.69
2024-10-22,152.73,261.02,3845.99,243.84,373.58,270.85,3732.77,297.72,151.69,554.57
2024-10-23,155.91,253.13,3763.79,243.77,363.62,275.08,3816.91,293.94,147.84,546.57
2024-10-24,158.65,257.92,3878.61,241.98,370.65,274.95,3752.16,295.75,148.29,541.69
2024-10-25,160.57,260.22,3909.42,239.06,364.14,268.11,3863.65,304.67,149.91,554.83
2024-10-28,159.72,261.52,3861.37,233.1,361.77,267.96,3845.42,305.56,151.36,563.31
2024-10-29,161.97,266.25,3859.04,232.84,363.54,276.29,3957.05,311.16,153.65,565.14
2024-10-30,159.78,274.34,3899.37,226.63,376.74,282.6,4006.99,303.5,154.61,552.43
2024-10-31,159.16,279.46,3906.26,229.82,397.98,282.4,3998.71,304.48,153.19,554.75
2024-11-01,157.83,270.31,3945.7,230.25,402.49,287.35,3962.93,298.59,155.57,565.58
2024-11-04,158.13,264.19,3881.89,224.3,401.32,285.57,3940.2,290.77,151.83,561.98
2024-11-05,164.78,261.32,3895.28,223.14,405.34,276.93,3972.15,287.02,149.43,575.87
2024-11-06,159.31,261.55,3797.72,220.21,411.98,272.43,3979.26,293.29,146.9,589.5
2024-11-07,161.34,264.09,3791.64,221.56,409.77,280.2,3938.32,298.42,149.81,607.39
2024-11-08,156.72,260.75,3731.47,226.99,423.18,278.93,3928.15,299.84,152.41,610.97
2024-11-11,155.45,261.73,3683.56,219.42,425.1,277.82,3935.28,291.69,153.81,617.67
2024-11-12,158.56,258.28,3766.99,219.96,429.08,276.43,3786.07,290.78,156.84,633.64
2024-11-13,158.81,255.54,3842.49,219.41,434.39,286.02,3818.81,292.48,154.42,639.0
2024-11-14,155.79,249.17,3886.16,222.15,437.86,294.51,3752.99,293.52,155.45,633.49
2024-11-15,153.85,245.13,3811.31,223.09,444.65,306.39,3676.58,283.9,155.16,628.63
2024-11-18,155.79,239.26,3791.13,220.16,439.89,305.64,3566.38,279.46,157.59,631.58
2024-11-19,153.8,235.15,3875.43,218.98,435.65,307.39,3452.65,279.25,157.33,617.16
2024-11-20,154.46,239.7,3886.87,215.93,427.2,299.12,3369.79,282.06,156.3,615.82
2024-11-21,154.65,235.7,4050.69,220.2,430.75,307.19,3328.13,271.02,157.88,628.22
2024-11-22,152.9,246.96,4080.99,220.37,436.96,300.86,3446.47,270.34,160.43,603.69
2024-11-25,158.86,249.25,4096.73,228.0,440.74,302.15,3415.22,271.14,158.56,620.61
2024-11-26,160.74,250.18,4075.57,227.84,454.2,296.3,3427.51,275.4,158.45,633.4
2024-11-27,154.94,246.41,4087.0,225.03,454.34,293.28,3453.59,278.94,155.49,628.41
2024-11-28,155.52,249.61,4077.42,218.99,459.99,288.98,3463.12,281.98,148.56,634.81
2024-11-29,153.73,247.12,4131.02,211.97,451.13,285.93,3459.68,278.03,149.16,635.1
2024-12-02,156.15,247.76,4203.81,206.01,448.17,283.27,3386.63,268.59,150.85,649.42
2024-12-03,153.98,259.28,4146.02,207.08,453.96,280.59,3476.43,266.8,151.62,661.17
2024-12-04,153.72,258.94,4048.33,209.06,461.08,284.91,3590.91,271.72,146.36,644.77
2024-12-05,155.18,264.4,3916.15,203.19,458.82,279.36,3483.59,278.64,145.49,651.84
2024-12-06,157.66,261.16,3953.53,206.54,458.41,280.58,3420.77,282.32,139.74,649.69
2024-12-09,154.32,261.1,3876.59,204.83,446.07,286.84,3404.91,284.61,143.24,650.92
2024-12-10,153.45,269.53,3727.91,205.45,443.38,284.31,3347.16,286.67,140.5,642.65
2024-12-11,152.2,266.6,3755.48,211.49,450.66,280.75,3378.98,283.92,143.73,663.13
2024-12-12,150.47,275.4,3925.51,214.99,455.51,279.7,3336.04,283.37,146.23,675.81
2024-12-13,155.31,279.02,3926.65,214.04,459.8,285.75,3467.38,292.0,143.92,667.08
2024-12-16,156.5,276.31,3987.48,210.69,460.4,286.86,3543.07,287.16,141.04,651.32
2024-12-17,153.01,279.57,3994.95,202.61,460.64,284.23,3558.04,295.62,141.99,647.06
2024-12-18,155.6,284.58,3989.44,200.07,455.35,286.82,3625.24,294.02,139.89,652.38
2024-12-19,161.61,287.88,4057.03,199.39,461.26,281.24,3698.85,301.15,140.2,655.46
2024-12-20,164.68,279.86,4037.46,195.93,464.94,284.8,3662.78,293.64,139.04,670.51
2024-12-23,160.24,276.31,4058.51,195.55,469.24,287.01,3610.43,296.85,134.64,680.31
2024-12-24,158.91,275.19,4083.63,195.9,464.98,285.53,3616.95,293.03,129.29,692.46
2024-12-25,162.6,274.93,4036.16,195.19,447.14,281.33,3674.49,285.68,129.87,696.81
2024-12-26,160.59,278.11,4109.85,192.98,456.15,276.95,3685.16,286.92,128.61,679.66
2024-12-27,161.94,279.11,4098.55,193.64,452.4,279.73,3582.03,292.25,127.38,677.54
2024-12-30,164.26,272.51,4044.44,195.26,445.56,286.03,3531.7,287.92,129.03,690.74
2024-12-31,161.59,274.48,4085.12,191.51,451.3,282.86,3528.41,280.27,131.81,690.38
2025-01-01,161.48,277.61,4020.69,196.45,448.3,285.31,3525.02,279.92,131.22,696.91
2025-01-02,152.12,280.52,4024.34,196.18,457.03,274.71,3651.59,279.59,130.47,693.19
2025-01-03,149.38,286.09,4025.29,196.33,462.29,271.93,3561.95,282.46,131.7,680.62
2025-01-06,148.76,290.5,4105.58,198.91,468.16,271.89,3595.79,287.4,128.54,679.38
2025-01-07,145.48,293.02,4142.3,199.82,456.84,267.55,3693.61,287.21,129.11,683.43
2025-01-08,149.81,292.77,4142.09,203.33,466.99,263.15,3846.1,296.92,130.44,675.64
2025-01-09,146.01,284.13,4204.72,204.46,469.37,260.09,3819.64,298.24,132.09,673.04
2025-01-10,144.91,286.44,4311.62,202.29,466.44,261.56,3854.96,296.5,127.54,661.93
2025-01-13,145.31,287.63,4356.64,203.69,467.83,260.78,3896.04,288.02,125.84,675.53
2025-01-14,149.14,289.15,4359.19,199.58,453.06,250.38,3911.31,286.77,123.9,672.22
2025-01-15,145.35,282.62,4258.0,200.05,456.57,240.92,3905.92,285.15,124.17,690.07
2025-01-16,148.45,277.23,4178.07,200.01,448.29,238.38,3938.13,290.19,125.29,709.34
2025-01-17,148.54,282.6,4156.79,199.34,437.55,240.44,3760.2,292.72,128.72,708.59
2025-01-20,145.98,282.51,4112.85,198.96,425.74,228.65,3807.87,286.62,127.62,696.01
2025-01-21,147.25,286.09,4100.65,192.3,434.44,226.68,3818.04,287.62,126.53,670.16
2025-01-22,147.84,286.35,4106.47,190.48,429.69,224.62,3804.28,291.21,129.2,652.67
2025-01-23,146.3,286.62,4147.27,190.87,441.72,230.32,3945.96,299.34,129.94,636.79
2025-01-24,146.54,291.58,4143.67,191.5,437.64,228.82,3899.6,304.24,132.96,652.85
2025-01-27,145.58,288.99,4181.61,188.03,424.37,230.49,3872.87,308.53,133.7,654.47
2025-01-28,145.94,289.61,4188.14,192.39,416.01,231.17,4013.25,308.99,130.97,659.32
2025-01-29,147.74,287.32,4040.89,189.47,425.43,222.4,3954.75,311.27,127.88,633.23
2025-01-30,152.02,285.19,3974.18,192.85,424.41,225.56,3917.17,318.4,124.36,619.83
2025-01-31,148.69,283.72,3965.46,194.41,420.39,226.52,3908.37,310.89,125.89,629.98
2025-02-03,154.46,284.97,3880.7,192.23,421.77,228.68,3969.08,309.06,128.63,633.48
2025-02-04,149.09,282.63,3924.16,198.45,425.75,244.93,3985.51,304.89,132.96,632.05
2025-02-05,148.74,289.13,4033.85,194.27,434.48,235.84,3894.37,307.09,135.03,638.73
2025-02-06,150.37,284.59,4123.96,197.56,445.98,243.26,3858.62,314.01,137.91,657.79
2025-02-07,151.19,283.75,4109.77,201.2,443.27,242.1,3817.98,310.76,136.53,655.44
2025-02-10,149.56,281.62,4221.69,198.85,432.87,243.45,3814.2,297.51,133.74,656.52
2025-02-11,149.06,289.07,4234.68,203.91,429.82,243.35,3844.96,295.42,135.84,659.06
2025-02-12,147.8,290.21,4210.68,203.07,432.01,241.59,3875.44,300.4,136.92,687.7
2025-02-13,146.29,295.72,4165.87,204.21,424.69,239.21,3753.1,303.43,137.24,661.99
2025-02-14,148.59,287.93,4144.86,205.25,417.54,240.72,3826.48,305.89,138.25,670.4
2025-02-17,149.6,289.43,4117.56,204.84,420.29,234.24,3845.41,304.47,139.11,669.28
2025-02-18,147.79,294.18,4131.84,207.91,420.09,237.5,3942.78,297.58,142.38,676.38
2025-02-19,150.24,294.73,4145.44,210.96,420.51,235.82,3975.88,300.46,145.76,668.65
2025-02-20,151.13,300.5,4147.33,204.4,414.94,231.12,4056.29,296.07,147.25,668.33
2025-02-21,153.4,297.82,4181.61,209.28,413.39,229.34,4091.98,307.83,149.55,677.16
2025-02-24,155.2,305.49,4272.9,203.1,406.68,234.62,4192.77,311.11,150.99,715.37
2025-02-25,152.95,318.25,4347.64,206.96,413.36,232.45,4233.86,307.98,149.8,726.06
2025-02-26,151.47,316.3,4233.17,211.24,421.23,234.04,4228.09,304.71,151.9,715.27
2025-02-27,153.57,313.89,4040.26,207.18,407.4,231.05,4402.73,304.32,148.15,710.1
2025-02-28,155.32,322.23,4109.82,205.73,400.75,234.29,4474.95,303.13,151.02,704.59
2025-03-03,155.32,331.52,4010.35,201.72,390.12,237.27,4522.95,309.35,147.83,682.1
2025-03-04,155.71,328.53,3995.73,201.02,385.71,245.26,4420.85,310.51,148.65,678.32
2025-03-05,159.35,326.18,3913.17,199.99,385.28,244.58,4320.1,306.54,146.45,687.54
2025-03-06,157.72,324.66,3787.81,202.88,375.38,247.62,4344.59,317.09,147.97,672.05
2025-03-07,159.34,316.93,3826.24,207.75,369.3,248.16,4357.71,317.5,147.94,685.0
2025-03-10,158.82,311.82,3880.06,213.05,362.77,254.05,4311.28,322.02,143.75,691.29
2025-03-11,158.26,306.31,3841.35,210.98,364.27,250.86,4323.95,318.62,144.9,682.43
2025-03-12,161.45,302.2,3663.73,210.27,364.87,254.32,4449.32,320.83,143.45,680.96
2025-03-13,163.91,302.13,3629.17,203.98,360.28,253.53,4506.79,322.75,145.78,700.82
2025-03-14,166.38,303.52,3656.22,201.1,361.57,253.34,4416.03,311.9,145.84,710.35
2025-03-17,170.36,312.11,3560.35,204.67,358.16,253.86,4408.93,323.34,146.94,710.75
2025-03-18,170.49,306.63,3573.52,210.7,356.55,255.11,4346.81,330.98,144.47,707.99
2025-03-19,172.65,312.19,3573.96,206.1,367.43,254.68,4318.21,328.75,143.0,709.25
2025-03-20,171.75,311.11,3612.66,203.98,376.44,255.77,4287.79,322.36,141.88,703.0
2025-03-21,172.82,310.96,3621.88,203.96,367.78,263.14,4252.64,324.51,144.12,676.65
2025-03-24,172.48,314.86,3559.89,205.07,373.42,267.91,4158.26,325.15,148.53,701.79
2025-03-25,172.85,308.62,3637.99,202.16,379.02,272.21,4150.37,327.36,146.44,704.03
2025-03-26,174.77,310.87,3629.06,203.78,371.34,270.09,4110.15,328.62,149.34,709.36
2025-03-27,172.27,311.93,3628.73,202.12,376.96,265.87,3895.07,331.75,143.57,708.9
2025-03-28,178.83,314.82,3569.22,202.15,387.55,270.55,4040.56,340.53,140.54,699.8
2025-03-31,175.66,316.58,3542.17,204.22,379.87,274.92,4121.36,344.15,138.17,697.74
2025-04-01,171.89,330.7,3487.17,204.33,373.75,282.32,4095.09,337.79,134.86,677.93
2025-04-02,175.54,327.04,3477.71,202.81,380.75,279.36,4098.12,346.21,131.07,705.99
2025-04-03,178.11,324.04,3586.25,202.49,382.76,278.32,4013.33,356.57,132.1,690.58
2025-04-04,180.18,320.54,3499.12,202.25,386.71,270.22,4137.43,376.94,131.64,678.03
2025-04-07,182.29,317.46,3398.89,200.98,389.24,268.42,4280.38,369.47,132.59,672.93
2025-04-08,182.32,313.94,3490.26,200.12,392.13,273.34,4294.16,371.23,134.29,688.8
2025-04-09,179.45,320.78,3478.51,205.96,382.92,271.15,4374.99,357.47,134.99,689.26
2025-04-10,179.77,329.11,3438.01,208.12,390.29,274.38,4390.54,361.17,136.64,674.2
2025-04-11,177.65,325.86,3503.74,207.1,398.66,273.55,4286.66,357.75,136.52,689.69
2025-04-14,180.84,321.11,3466.95,209.78,397.17,275.26,4256.6,370.28,133.66,699.04
2025-04-15,180.43,323.96,3582.29,208.6,397.02,269.68,4268.41,365.27,136.26,706.09
2025-04-16,177.82,320.87,3627.44,213.09,386.24,270.2,4235.19,354.31,134.87,715.47
2025-04-17,176.86,324.65,3597.03,214.59,389.97,255.76,4220.22,351.45,132.65,746.59
2025-04-18,178.25,325.97,3738.15,214.26,394.14,255.0,4214.97,339.09,132.28,776.25
2025-04-21,176.51,317.21,3698.89,216.07,393.86,247.62,4210.52,343.81,130.16,766.97
2025-04-22,173.97,326.17,3749.78,210.05,401.99,253.09,4216.16,331.17,129.23,789.7
2025-04-23,174.8,336.84,3771.48,205.87,399.73,256.73,4137.36,331.47,130.08,795.46
2025-04-24,175.64,333.26,3861.36,201.53,403.95,258.99,4085.62,319.21,130.95,802.92
2025-04-25,174.11,331.07,3971.44,202.13,396.7,266.18,3992.78,317.5,128.89,778.78
2025-04-28,172.7,332.91,3975.32,208.51,396.69,261.74,4064.65,327.02,127.81,776.7
2025-04-29,173.49,335.05,3923.0,216.97,395.6,270.08,3912.22,329.27,130.33,765.65
2025-04-30,169.04,339.16,3957.05,219.55,397.36,274.72,3995.02,324.28,131.55,777.37
2025-05-01,164.83,351.57,3910.36,221.62,394.88,273.66,4096.31,324.23,136.52,792.67
2025-05-02,162.76,350.59,4053.64,214.52,394.1,279.36,4075.67,324.46,139.47,763.39
2025-05-05,162.2,345.69,4065.22,212.51,400.12,273.91,3886.33,327.35,142.4,763.39
2025-05-06,163.17,337.25,4040.11,209.58,397.13,269.95,3862.61,319.43,138.9,779.11
2025-05-07,167.57,332.95,4055.16,207.32,385.8,267.1,3859.69,322.96,140.87,776.8
2025-05-08,170.22,332.88,3958.45,206.78,398.1,264.66,3791.02,307.37,140.79,787.3
2025-05-09,169.8,343.77,3890.8,205.11,408.16,259.73,3757.38,304.01,139.45,792.59
2025-05-12,169.81,340.7,3976.43,197.88,398.83,265.55,3862.37,301.46,139.93,797.78
2025-05-13,166.81,342.21,3931.0,200.62,403.94,264.42,3910.14,305.02,142.37,794.2
2025-05-14,166.82,342.25,3858.5,196.83,400.44,266.2,3846.63,305.27,143.71,777.13
2025-05-15,166.02,349.71,3897.32,197.76,402.5,263.57,3737.55,297.67,141.5,761.75
2025-05-16,167.05,365.76,3982.06,205.22,404.79,255.04,3717.04,292.51,143.45,771.78
2025-05-19,164.63,362.41,4035.19,201.91,403.24,256.38,3704.25,293.67,141.86,772.36
2025-05-20,166.23,359.36,4109.15,192.79,397.71,247.66,3738.82,293.37,142.47,770.74
2025-05-21,170.88,366.26,4054.82,191.87,392.93,247.45,3704.29,290.43,141.75,765.17
2025-05-22,170.61,370.9,3952.67,195.75,386.61,241.45,3739.88,288.03,141.25,761.27
2025-05-23,171.91,383.38,4061.07,202.73,380.98,250.18,3871.65,291.75,143.25,775.92
2025-05-26,174.11,387.56,4039.11,198.32,380.67,254.38,3930.03,289.15,140.63,771.55
2025-05-27,172.92,385.21,4022.49,200.17,375.92,254.97,3928.2,288.81,145.61,753.23
2025-05-28,173.69,389.46,4120.27,198.57,380.69,260.87,3916.82,300.21,140.9,763.61
2025-05-29,173.8,397.39,4163.17,198.27,391.03,257.0,3893.24,292.64,139.44,761.1
2025-05-30,174.18,403.42,4199.0,207.79,387.1,259.62,3977.53,283.0,140.42,761.83
2025-06-02,171.83,407.26,4364.31,202.25,388.92,260.66,3934.21,287.1,141.95,784.18
2025-06-03,171.97,415.24,4315.5,203.25,392.57,262.0,3938.99,283.71,141.75,784.2
2025-06-04,173.58,424.15,4389.3,205.04,396.06,268.11,3944.2,282.2,141.66,788.6
2025-06-05,178.18,434.87,4395.56,209.13,396.76,271.75,3910.15,278.34,142.76,772.18
2025-06-06,181.33,440.12,4418.57,209.58,402.22,273.27,3815.12,277.15,142.22,769.44
2025-06-09,188.43,438.97,4541.9,210.83,405.87,265.24,3838.83,285.24,145.84,778.19
2025-06-10,185.9,440.3,4585.23,209.43,396.99,260.76,3836.15,289.47,148.1,756.71
2025-06-11,188.89,450.04,4631.49,210.53,403.36,260.29,3872.23,294.08,150.49,759.75
2025-06-12,189.59,443.6,4722.75,209.31,409.96,260.83,3836.59,286.7,147.93,761.43
2025-06-13,197.14,446.72,4693.61,211.74,404.49,255.63,3922.43,280.87,147.78,762.3
2025-06-16,194.35,443.74,4624.59,210.42,404.93,266.83,3862.1,266.63,147.04,776.84
2025-06-17,191.49,444.15,4539.47,211.93,410.07,274.22,3982.66,262.85,144.44,781.83
2025-06-18,189.5,454.55,4380.61,211.9,408.69,277.3,3858.97,267.48,145.43,802.94
2025-06-19,182.33,456.3,4544.5,216.28,416.75,277.77,3890.71,270.08,144.08,788.9
2025-06-20,180.68,456.86,4456.07,216.17,434.65,276.82,3925.56,269.11,145.84,791.15
2025-06-23,178.28,445.86,4440.11,209.36,428.67,272.19,3870.92,269.11,143.09,792.67
2025-06-24,178.83,452.03,4419.76,214.2,418.19,272.68,3902.04,265.88,147.57,777.73
2025-06-25,180.0,457.46,4445.98,210.79,420.64,274.05,3993.47,266.97,145.25,791.43
2025-06-26,186.15,475.46,4513.04,208.39,426.27,268.03,3835.72,270.76,145.88,824.86
2025-06-27,189.41,473.02,4584.75,206.24,424.67,269.75,3871.97,262.99,148.02,824.94
2025-06-30,187.52,475.08,4538.47,211.42,435.95,269.1,3699.75,264.51,146.56,832.77
2025-07-01,184.56,477.4,4526.63,203.38,425.62,259.97,3636.92,269.06,148.87,834.37
2025-07-02,186.27,491.15,4551.47,214.95,431.1,256.05,3745.03,267.16,145.64,823.99
2025-07-03,181.92,490.5,4532.92,219.12,426.57,254.25,3707.31,270.64,149.51,797.31
2025-07-04,187.99,493.16,4665.88,220.09,439.94,262.99,3630.46,284.46,149.61,787.5
2025-07-07,192.06,498.75,4708.98,219.96,455.89,265.73,3618.98,284.04,148.06,768.08
2025-07-08,190.51,500.62,4773.15,221.18,449.78,259.45,3755.13,286.16,147.32,791.95
2025-07-09,184.71,496.8,4832.01,223.34,445.51,261.82,3632.82,282.47,149.52,790.63
2025-07-10,189.29,498.73,4936.01,226.02,452.58,254.63,3565.53,283.5,148.01,786.02
2025-07-11,188.98,508.57,4954.07,228.37,449.61,259.69,3663.06,285.96,146.07,798.91
2025-07-14,193.27,499.38,4840.41,228.83,449.42,257.59,3787.01,287.08,145.55,783.1
2025-07-15,187.8,500.77,4877.17,228.11,449.81,257.26,3781.47,281.93,142.52,772.6
2025-07-16,185.85,494.66,4821.94,227.58,434.45,263.5,3698.64,283.09,147.25,773.86
2025-07-17,185.94,505.5,4777.99,226.87,434.52,257.5,3839.65,290.65,145.81,788.5
2025-07-18,186.17,491.84,4830.33,231.59,429.3,251.13,3951.38,293.11,148.05,795.94
2025-07-21,184.74,487.09,4939.93,234.16,425.66,248.59,4001.25,298.3,148.67,799.82
2025-07-22,186.89,490.59,4943.8,221.86,436.89,253.34,3944.34,297.15,146.09,801.26
2025-07-23,183.37,504.61,4973.26,224.57,427.18,246.51,3942.44,301.28,146.13,807.35
2025-07-24,182.97,504.21,5127.63,225.45,433.6,234.04,3932.64,302.91,148.25,810.6
2025-07-25,183.44,499.37,5151.9,225.46,431.6,232.23,3957.63,297.85,147.81,795.9
2025-07-28,185.21,516.48,5395.23,223.97,429.6,234.63,4062.58,299.68,151.04,796.88
2025-07-29,187.66,503.22,5452.31,228.59,435.88,239.79,4128.51,294.45,153.88,781.8
2025-07-30,183.94,483.5,5281.69,232.58,438.72,237.89,4050.1,291.21,156.49,783.25
2025-07-31,178.93,487.52,5355.42,229.44,443.4,236.22,4152.07,292.32,155.26,776.79
2025-08-01,183.12,483.31,5394.3,231.21,451.3,241.22,4177.13,294.0,152.3,812.61
2025-08-04,184.29,474.62,5521.69,227.26,448.79,233.2,4230.46,287.82,150.68,812.35
2025-08-05,181.88,480.86,5590.81,221.71,444.02,231.66,4343.83,293.4,151.27,792.14
2025-08-06,187.03,483.16,5579.11,219.3,435.52,232.55,4258.65,296.54,152.82,790.54
2025-08-07,187.49,478.45,5458.39,222.79,429.22,234.52,4257.61,292.9,146.91,798.25
2025-08-08,191.54,467.62,5440.04,226.7,452.18,232.46,4218.58,284.91,146.95,822.61
2025-08-11,191.85,475.15,5358.93,228.88,462.49,232.7,4101.21,284.28,147.43,814.21
2025-08-12,199.04,480.9,5305.08,231.96,451.43,222.37,4128.45,282.11,146.75,791.34
2025-08-13,205.41,480.23,5363.41,234.21,440.86,219.82,4316.74,282.8,150.22,803.29
2025-08-14,204.57,496.38,5526.77,231.6,444.86,221.7,4175.49,281.06,151.42,783.65
2025-08-15,208.23,487.02,5568.24,233.49,449.42,217.87,4174.73,271.02,155.05,777.81
2025-08-18,210.73,473.84,5450.61,236.95,454.04,218.19,4224.53,269.23,154.51,774.51
2025-08-19,216.01,468.13,5496.41,240.26,452.14,220.03,4235.58,267.86,157.18,773.85
2025-08-20,212.34,467.93,5617.0,245.5,451.3,218.76,4228.65,271.02,161.87,783.76
2025-08-21,215.05,470.17,5557.59,248.73,454.14,219.52,4131.45,267.72,165.76,774.43
2025-08-22,219.23,468.32,5546.41,250.4,455.02,215.8,4150.41,275.92,162.57,770.92
2025-08-25,212.38,471.48,5550.09,255.32,437.03,215.08,4095.53,266.54,161.89,771.03
2025-08-26,207.94,461.05,5473.9,255.3,435.4,217.53,3935.73,272.94,160.95,773.41
2025-08-27,200.39,473.22,5539.96,251.35,428.9,218.23,4021.93,271.95,162.43,775.08
2025-08-28,199.5,472.71,5530.12,250.71,430.42,216.01,4092.92,276.27,164.5,781.47
2025-08-29,202.16,482.41,5574.09,247.45,453.72,216.97,4098.36,276.78,162.08,793.65
2025-09-01,207.71,485.58,5487.27,244.54,456.9,219.85,4116.9,282.57,162.34,799.58
2025-09-02,208.07,489.77,5446.26,244.0,454.5,211.83,4198.16,280.71,156.5,806.43
2025-09-03,214.25,494.99,5519.26,240.62,462.22,216.33,4216.79,275.27,160.62,783.79
2025-09-04,209.01,499.18,5484.43,239.38,466.42,215.11,4287.09,282.42,159.2,784.81
2025-09-05,202.69,505.15,5657.11,231.32,470.13,216.84,4265.85,281.96,159.42,791.9
2025-09-08,202.57,517.44,5618.68,232.3,475.45,221.6,4368.3,283.2,158.6,802.61
2025-09-09,204.05,519.48,5643.65,232.4,493.24,216.22,4395.27,289.61,161.94,792.93
2025-09-10,204.01,526.32,5740.65,229.07,483.4,213.55,4412.38,284.35,153.73,783.84
2025-09-11,196.5,525.68,5596.38,231.88,487.71,212.53,4313.27,287.51,153.75,776.05
2025-09-12,196.26,539.52,5421.24,235.89,479.77,209.62,4337.27,284.57,153.52,783.85
2025-09-15,191.73,533.17,5274.53,229.16,484.76,216.25,4274.05,284.01,152.33,798.75
2025-09-16,194.12,550.67,5396.51,226.11,476.94,213.0,4226.65,284.49,157.12,793.21
2025-09-17,195.48,550.49,5345.06,223.07,473.55,210.96,4166.31,276.92,154.67,806.49
2025-09-18,192.25,536.53,5593.33,219.39,471.22,211.82,4088.02,273.15,156.88,808.61
2025-09-19,190.55,537.98,5538.76,222.75,479.69,207.32,4246.01,279.9,157.95,807.12
2025-09-22,186.99,531.6,5559.37,222.06,487.81,205.93,4349.46,284.48,161.6,804.37
2025-09-23,186.85,539.86,5715.91,221.09,477.07,207.19,4501.55,284.27,159.72,815.5
2025-09-24,190.14,533.73,5924.6,213.2,477.73,206.03,4404.26,285.63,157.68,820.61
2025-09-25,186.84,529.66,6146.81,215.72,471.82,205.77,4411.67,284.23,160.85,854.55
2025-09-26,188.61,511.86,6282.97,210.99,461.32,203.89,4310.72,291.28,162.15,841.78
2025-09-29,186.89,507.9,6401.3,211.3,459.7,198.41,4258.46,290.35,157.71,849.97
2025-09-30,184.3,485.94,6472.13,212.44,457.33,199.64,4189.79,291.68,156.24,842.21
2025-10-01,184.02,472.28,6565.4,217.73,477.49,206.03,4284.95,297.81,157.39,829.37
2025-10-02,180.66,478.93,6502.89,212.69,481.4,206.18,4256.1,293.76,159.83,829.54
2025-10-03,178.93,485.9,6409.72,201.22,469.66,207.1,4339.65,302.12,157.94,831.92
2025-10-06,175.14,489.82,6411.89,201.97,465.07,209.77,4388.58,293.92,149.72,875.95
2025-10-07,181.4,481.49,6394.81,208.6,473.81,205.06,4572.31,302.66,151.19,873.4
2025-10-08,181.59,481.27,6345.2,213.34,491.81,211.43,4452.38,300.75,147.93,855.98
2025-10-09,179.38,481.43,6427.27,214.23,477.97,212.28,4555.08,299.56,142.62,860.53
2025-10-10,180.14,471.58,6540.36,212.42,461.99,218.6,4650.9,289.49,135.41,828.74
2025-10-13,179.85,484.53,6553.38,215.59,477.73,215.8,4571.27,287.24,137.45,827.7
2025-10-14,179.21,492.38,6730.29,211.9,481.27,222.95,4655.97,281.98,137.82,828.27
2025-10-15,181.26,490.62,6594.67,213.8,473.94,226.15,4686.0,279.01,137.32,840.45
2025-10-16,183.8,491.05,6574.32,215.83,478.69,228.49,4668.69,278.43,140.81,855.52
2025-10-17,182.12,493.09,6492.12,220.04,456.17,229.54,4601.32,283.34,142.48,848.11
2025-10-20,180.31,475.17,6276.6,231.06,456.38,228.6,4543.6,284.51,146.68,846.15
2025-10-21,179.49,473.25,6269.77,232.78,459.26,233.63,4713.06,286.2,143.06,834.82
2025-10-22,172.12,467.63,6258.54,230.74,467.08,234.31,4715.0,280.67,143.03,818.2
2025-10-23,167.49,459.39,6431.54,230.73,458.74,226.11,4783.27,276.33,138.92,823.09
2025-10-24,171.68,457.25,6507.14,223.48,459.63,221.65,4717.09,285.39,138.4,804.55
2025-10-27,176.83,472.23,6389.78,220.77,452.16,221.0,4652.76,281.73,137.84,798.87
2025-10-28,176.11,477.87,6605.59,219.23,454.42,222.32,4745.24,290.24,139.45,784.88
2025-10-29,178.01,473.15,6753.41,217.25,447.28,222.18,4631.86,289.09,139.62,792.96
2025-10-30,179.08,478.22,6826.87,217.93,444.17,227.14,4599.09,289.22,141.24,818.99
2025-10-31,189.08,490.46,6801.77,214.79,436.39,219.25,4603.75,294.91,143.08,800.13
2025-11-03,192.97,498.82,6687.02,219.21,441.68,219.9,4614.82,301.78,148.69,773.76
2025-11-04,192.6,499.55,6644.89,219.3,448.68,212.79,4601.79,301.3,147.91,772.33
2025-11-05,189.36,493.93,6777.77,219.35,446.96,215.78,4636.42,299.31,145.46,772.86
2025-11-06,183.96,500.34,7010.4,218.14,447.45,215.5,4696.1,299.13,146.16,776.21
2025-11-07,184.71,504.08,7207.94,218.84,435.96,217.21,4760.08,301.07,144.11,770.28
2025-11-10,182.27,512.4,7147.4,222.18,433.78,213.92,4677.52,306.02,148.01,767.81
2025-11-11,177.68,518.46,7006.22,218.8,433.56,218.93,4655.47,306.17,147.31,773.2
2025-11-12,175.68,528.46,7026.79,216.3,454.19,223.12,4757.45,309.7,145.87,787.99
2025-11-13,172.33,523.58,6805.92,215.2,445.28,225.55,4835.97,318.96,144.69,760.58
2025-11-14,177.63,536.21,6848.23,210.07,457.19,225.11,4718.4,321.28,146.62,755.83
2025-11-17,180.52,538.33,6832.77,207.06,465.58,227.55,4750.14,323.21,146.26,759.04
2025-11-18,180.57,558.65,6778.19,205.37,468.12,224.75,4582.9,314.5,144.63,746.8
2025-11-19,185.45,551.94,6586.34,208.68,483.13,228.3,4588.6,299.73,149.02,770.37
2025-11-20,185.78,569.41,6649.86,209.75,486.56,235.17,4747.18,301.95,146.78,761.87
2025-11-21,182.97,571.67,6588.76,210.56,490.16,239.8,4668.08,301.56,146.93,761.61
2025-11-24,188.06,565.2,6452.65,213.87,489.89,236.75,4599.84,298.89,148.71,769.54
2025-11-25,189.96,560.5,6121.62,213.43,500.88,238.38,4664.94,300.32,144.4,761.66
2025-11-26,186.49,557.49,6121.04,215.02,510.97,232.93,4537.26,300.11,145.71,736.65
2025-11-27,185.93,561.97,6318.75,214.71,505.42,235.42,4487.4,306.32,143.0,731.26
2025-11-28,183.07,567.48,6510.22,215.82,493.62,237.42,4537.37,306.92,145.18,745.1
2025-12-01,178.59,561.85,6459.26,213.64,492.01,229.52,4487.38,302.92,142.72,740.88
2025-12-02,181.64,561.83,6391.83,204.35,485.12,224.81,4470.11,308.44,144.56,729.89
2025-12-03,187.96,583.72,6448.32,203.94,484.76,223.75,4531.78,307.36,147.5,742.34
2025-12-04,183.3,602.1,6335.02,209.24,495.75,222.63,4567.98,310.4,149.85,738.22
2025-12-05,185.23,607.07,6371.97,212.81,491.87,217.87,4591.75,307.86,150.59,731.74
2025-12-08,183.13,607.73,6462.38,216.59,491.69,219.48,4565.56,304.38,150.02,734.0
2025-12-09,181.6,609.29,6607.69,221.5,492.4,220.56,4597.8,304.96,148.52,744.48
2025-12-10,179.74,616.26,6598.42,221.94,500.12,219.88,4589.4,305.15,152.51,776.69
2025-12-11,177.02,605.16,6576.87,222.82,480.09,216.98,4629.05,307.91,150.65,788.57
2025-12-12,177.25,602.6,6475.56,220.43,475.04,221.16,4589.5,306.54,147.9,805.35
2025-12-15,174.67,584.74,6381.77,219.26,477.04,227.84,4576.25,296.53,149.73,798.34
2025-12-16,175.59,589.18,6358.31,221.78,487.54,225.95,4496.54,294.34,147.64,783.92
2025-12-17,175.5,596.28,6402.9,226.67,483.42,223.55,4495.51,298.66,145.17,785.11
2025-12-18,174.82,591.33,6510.75,226.19,467.28,225.62,4431.68,297.18,141.46,786.94
2025-12-19,172.03,608.32,6419.23,224.45,472.68,224.26,4344.58,295.98,140.29,771.98
2025-12-22,170.31,595.14,6594.27,224.54,467.46,223.79,4366.55,301.35,140.14,769.85
2025-12-23,172.69,579.69,6564.73,227.06,457.64,226.86,4385.02,297.61,140.81,775.69
2025-12-24,174.32,582.26,6564.83,221.25,452.68,219.15,4448.57,289.46,143.28,781.03
2025-12-25,171.32,593.47,6479.16,212.19,451.36,224.44,4415.83,288.74,144.7,788.43
2025-12-26,171.69,611.7,6199.02,210.17,446.63,224.82,4450.03,286.34,144.26,792.87
2025-12-29,174.08,606.89,6300.14,205.64,429.08,223.24,4495.93,281.47,143.8,785.95
2025-12-30,168.92,618.92,6386.22,203.84,436.18,222.97,4533.72,280.69,145.18,778.99
2025-12-31,170.64,618.74,6356.44,203.38,446.36,222.91,4468.15,283.29,148.56,762.49
